<?xml version="1.0" encoding="UTF-8"?><standard xmlns:tbx="urn:iso:std:iso:30042:ed-1" xmlns:mml="http://www.w3.org/1998/Math/MathML" xmlns:xlink="http://www.w3.org/1999/xlink" dtd-version="1.1">
<?foreward metadata-error?>
<front>
<iso-meta>
<title-wrap xml:lang="en">
<intro>Dentistry</intro>
<main>Test methods for dental unit waterline biofilm treatment</main>
<compl/>
<full>Dentistry — Test methods for dental unit waterline biofilm treatment</full>
</title-wrap>
<title-wrap xml:lang="fr">
<intro>Médecine bucco-dentaire</intro>
<main>Méthodes d'essais pour le traitement du biofilm dans les conduites d'eau de l'unit dentaire</main>
<compl/>
<full>Médecine bucco-dentaire — Méthodes d'essais pour le traitement du biofilm dans les conduites d'eau de l'unit dentaire</full>
</title-wrap>
<doc-ident>
<sdo>ISO</sdo>
<proj-id>58009</proj-id>
<language>en</language>
<release-version>IS</release-version>
<urn>iso:std:iso:16954:ed-1:v1:en</urn>
</doc-ident>
<std-ident>
<originator>ISO</originator>
<doc-type>IS</doc-type>
<doc-number>16954</doc-number>
<part-number/>
<edition>1</edition>
<version>1</version>
</std-ident>
<content-language>en</content-language>
<std-ref type="dated">ISO 16954:2015</std-ref>
<std-ref type="undated">ISO 16954</std-ref>
<doc-ref>ISO 16954:2015(en)</doc-ref>
<pub-date>2015-07-01</pub-date>
<release-date>2015-06-15</release-date>
<comm-ref>ISO/TC 106/SC 6</comm-ref>
<secretariat>DIN</secretariat>
<ics>11.060.20</ics>
<page-count count="14"/>
<std-xref type="revises">
<std-ref>ISO/TS 11080:2009</std-ref>
</std-xref>
<permissions>
<copyright-statement>All rights reserved</copyright-statement>
<copyright-year>2015</copyright-year>
<copyright-holder>ISO</copyright-holder>
</permissions>
<custom-meta-group>
<custom-meta>
<meta-name>price-ref-pages</meta-name>
<meta-value>14</meta-value>
</custom-meta>
<custom-meta>
<meta-name>generation-date</meta-name>
<meta-value>2015-06-16 10:57:15</meta-value>
</custom-meta>
</custom-meta-group>
</iso-meta>
<sec id="sec_foreword" sec-type="foreword">
<title>Foreword</title>
<p>ISO (the International Organization for Standardization) is a worldwide federation of national standards bodies (ISO member bodies). The work of preparing International Standards is normally carried out through ISO technical committees. Each member body interested in a subject for which a technical committee has been established has the right to be represented on that committee. International organizations, governmental and non-governmental, in liaison with ISO, also take part in the work. ISO collaborates closely with the International Electrotechnical Commission (IEC) on all matters of electrotechnical standardization.</p>
<p>The procedures used to develop this document and those intended for its further maintenance are described in the ISO/IEC Directives, Part 1.  In particular the different approval criteria needed for the different types of ISO documents should be noted.  This document was drafted in accordance with the editorial rules of the ISO/IEC Directives, Part 2 (see <ext-link ext-link-type="uri" xlink:href="http://www.iso.org/directives">www.iso.org/directives</ext-link>).  </p>
<p>Attention is drawn to the possibility that some of the elements of this document may be the subject of patent rights. ISO shall not be held responsible for identifying any or all such patent rights.  Details of any patent rights identified during the development of the document will be in the Introduction and/or on the ISO list of patent declarations received (see <ext-link ext-link-type="uri" xlink:href="http://www.iso.org/patents">www.iso.org/patents</ext-link>). </p>
<p>Any trade name used in this document is information given for the convenience of users and does not constitute an endorsement.</p>
<p>For an explanation on the meaning of ISO specific terms and expressions related to conformity assessment, as well as information about ISO's adherence to the WTO principles in the Technical Barriers to Trade (TBT) see the following URL:  <ext-link ext-link-type="uri" xlink:href="http://www.iso.org/iso/home/standards_development/resources-for-technical-work/foreword.htm">Foreword - Supplementary information</ext-link></p>
<p>The committee responsible for this document is ISO/TC 106, <italic>Dentistry</italic>, Subcommittee SC 6, <italic>Dental equipment</italic>.</p>
<p>This first edition of ISO 16954:2015 cancels and replaces the first edition of ISO/TS 11080:2009, of which it constitutes a technical revision.</p>
</sec>
</front>
<body>
<sec id="sec_1" sec-type="scope">
<label>1</label><title>Scope</title>
<p>This International Standard provides type test methods for evaluating the effectiveness of treatment methods intended to prevent or inhibit the formation of biofilm or to remove biofilm present in dental unit procedural water delivery systems under laboratory conditions.</p>
<p>This International Standard does not apply to devices intended to deliver sterile procedural water or sterile solution. It also does not apply to lines, tubing, or hoses that deliver compressed air within the dental unit.</p>
<p>This International Standard does not establish specific upper limits for bacterial contamination or describe test methods to be used in clinical situations. It also does not establish test methods for evaluating any deleterious side effects potentially caused by treatment methods.</p>
<p>The test methods provided in this International Standard can be used to test other dental equipment that delivers non-sterile water to the oral cavity.</p>
</sec>
<sec id="sec_2" sec-type="norm-refs">
<label>2</label><title>Normative references</title>
<p>The following documents, in whole or in part, are normatively referenced in this document and are indispensable for its application. For dated references, only the edition cited applies. For undated references, the latest edition of the referenced document (including any amendments) applies.</p>
<ref-list content-type="norm-refs">
<ref><std std-id="iso:std:iso:1942:en" type="undated"><std-ref>ISO 1942</std-ref>, <title>Dentistry — Vocabulary</title></std></ref>
<ref><std std-id="iso:std:iso:3696:ed-1:en" type="dated"><std-ref>ISO 3696:1987</std-ref>, <title>Water for analytical laboratory use — Specification and test methods</title></std></ref>
<ref><std std-id="iso:std:iso:7494:-1:en" type="undated"><std-ref>ISO 7494-1</std-ref>, <title>Dentistry — Dental units — Part 1: General requirements and test methods</title></std></ref>
<ref><std std-id="iso:std:iso:7494:-2:en" type="undated"><std-ref>ISO 7494-2</std-ref>, <title>Dentistry — Dental units — Part 2: Water and air supply</title></std></ref>
<ref><std std-id="iso:std:iso:10523:en" type="undated"><std-ref>ISO 10523</std-ref>, <title>Water quality — Determination of pH</title></std></ref>
<ref><std std-id="iso:std:iso:19458:en" type="undated"><std-ref>ISO 19458</std-ref>, <title>Water quality — Sampling for microbiological analysis</title></std></ref>
<ref><std><std-ref>IEC 60601-1</std-ref>,<title> Medical electrical equipment — Part 1: General requirements for basic safety and essential performance</title></std></ref>
</ref-list>
</sec>
<sec id="sec_3" sec-type="terms">
<label>3</label><title>Terms and definitions</title>
<p>For the purposes of this document, the terms and definitions given in <std><std-ref>IEC 60601-1</std-ref></std>, <std std-id="iso:std:iso:1942:en" type="undated"><std-ref>ISO 1942</std-ref></std>, <std std-id="iso:std:iso:7494:-1:en" type="undated"><std-ref>ISO 7494-1</std-ref></std>, and <std std-id="iso:std:iso:7494:-2:en" type="undated"><std-ref>ISO 7494-2</std-ref></std> and the following apply.</p>
<term-sec id="sec_3.1"><label>3.1</label>
<tbx:termEntry id="term_3.1">
<tbx:langSet xml:lang="en">
<tbx:definition>structured community of microorganisms inhabiting a self-developed extracellular biopolymeric matrix attached to a surface</tbx:definition>
<tbx:tig id="term_3.1-1">
<tbx:term>biofilm</tbx:term>
<tbx:partOfSpeech value="noun"/>
</tbx:tig></tbx:langSet>
</tbx:termEntry>
</term-sec>
<term-sec id="sec_3.2"><label>3.2</label>
<tbx:termEntry id="term_3.2">
<tbx:langSet xml:lang="en">
<tbx:definition>combination of interconnected dental equipment and dental instruments constituting a functional assembly for use in the provision of dental treatment</tbx:definition>
<tbx:source>ISO 1942:2009, 2.86</tbx:source>
<tbx:tig id="term_3.2-1">
<tbx:term>dental unit</tbx:term>
<tbx:partOfSpeech value="noun"/>
</tbx:tig></tbx:langSet>
</tbx:termEntry>
</term-sec>
<term-sec id="sec_3.3"><label>3.3</label>
<tbx:termEntry id="term_3.3">
<tbx:langSet xml:lang="en">
<tbx:definition>system of components of a dental unit which convey water from a supply source to one or more outlets used for dental treatment</tbx:definition>
<tbx:tig id="term_3.3-1">
<tbx:term>dental unit procedural water delivery system</tbx:term>
<tbx:partOfSpeech value="noun"/>
</tbx:tig></tbx:langSet>
</tbx:termEntry>
</term-sec>
<term-sec id="sec_3.4"><label>3.4</label>
<tbx:termEntry id="term_3.4">
<tbx:langSet xml:lang="en">
<tbx:definition>water supplied by the dental unit for use in the oral cavity</tbx:definition>
<tbx:example>Handpiece procedural water, multifunctional syringe water, scaler procedural water, or rinse cup water.</tbx:example>
<tbx:source>ISO 7494-2:2003, 3.1</tbx:source>
<tbx:tig id="term_3.4-1">
<tbx:term>procedural water</tbx:term>
<tbx:partOfSpeech value="noun"/>
</tbx:tig></tbx:langSet>
</tbx:termEntry>
</term-sec>
<term-sec id="sec_3.5"><label>3.5</label>
<tbx:termEntry id="term_3.5">
<tbx:langSet xml:lang="en">
<tbx:definition>test apparatus which accurately recreates the procedural water delivery system of a dental unit, including design, construction, configuration, and operation of all water-bearing elements of the procedural water delivery system, but not necessarily including other dental unit components which do not directly come in contact with or control the flow of procedural water</tbx:definition>
<tbx:tig id="term_3.5-1">
<tbx:term>surrogate dental unit water system</tbx:term>
<tbx:partOfSpeech value="noun"/>
</tbx:tig></tbx:langSet>
</tbx:termEntry>
</term-sec>
<term-sec id="sec_3.6"><label>3.6</label>
<tbx:termEntry id="term_3.6">
<tbx:langSet xml:lang="en">
<tbx:definition>water having specified chemical and physical characteristics used for testing prior to the addition of the specified bacterial challenge suspension</tbx:definition>
<tbx:tig id="term_3.6-1">
<tbx:term>test water</tbx:term>
<tbx:partOfSpeech value="noun"/>
</tbx:tig></tbx:langSet>
</tbx:termEntry>
</term-sec>
<term-sec id="sec_3.7"><label>3.7</label>
<tbx:termEntry id="term_3.7">
<tbx:langSet xml:lang="en">
<tbx:definition>consortium of specified bacteria suspended in a nutrient growth medium or buffered solution used to inoculate test water</tbx:definition>
<tbx:tig id="term_3.7-1">
<tbx:term>bacterial challenge suspension</tbx:term>
<tbx:partOfSpeech value="noun"/>
</tbx:tig></tbx:langSet>
</tbx:termEntry>
</term-sec>
<term-sec id="sec_3.8"><label>3.8</label>
<tbx:termEntry id="term_3.8">
<tbx:langSet xml:lang="en">
<tbx:definition>prepared aqueous suspension used in testing, containing specified amounts of sterilized test water and one or more bacterial challenge suspension(s)</tbx:definition>
<tbx:tig id="term_3.8-1">
<tbx:term>inoculated test water</tbx:term>
<tbx:partOfSpeech value="noun"/>
</tbx:tig></tbx:langSet>
</tbx:termEntry>
</term-sec>
<term-sec id="sec_3.9"><label>3.9</label>
<tbx:termEntry id="term_3.9">
<tbx:langSet xml:lang="en">
<tbx:definition>apparatus used in testing in which no treatment method is applied and no antimicrobial material is present in the waterline components</tbx:definition>
<tbx:tig id="term_3.9-1">
<tbx:term>test apparatus for the control group</tbx:term>
<tbx:partOfSpeech value="noun"/>
</tbx:tig></tbx:langSet>
</tbx:termEntry>
</term-sec>
<term-sec id="sec_3.10"><label>3.10</label>
<tbx:termEntry id="term_3.10">
<tbx:langSet xml:lang="en">
<tbx:definition>apparatus used in testing in which a treatment specified by the dental unit manufacturer is applied and any antimicrobial materials specified by the manufacturer are present in the waterline components, unless otherwise specified in the test requirements</tbx:definition>
<tbx:tig id="term_3.10-1">
<tbx:term>test apparatus for the test group</tbx:term>
<tbx:partOfSpeech value="noun"/>
</tbx:tig></tbx:langSet>
</tbx:termEntry>
</term-sec>
</sec>
<sec id="sec_4">
<label>4</label><title>Treatment methods</title>
<p>Depending upon the specific technical approach of a treatment method and its intended benefits, the performance objectives of a dental unit procedural water delivery system treatment method can include one or both of the following:</p>
<list list-type="bullet">
<list-item><label>—</label><p>prevention or inhibition of biofilm formation on surfaces within the dental unit procedural water delivery system;</p></list-item>
<list-item><label>—</label><p>removal of biofilm from surfaces within the dental unit procedural water delivery system.</p></list-item></list>
<p>This International Standard specifies separate test methods for each of the above performance objectives. These requirements can be expanded upon, for example to include additional replicates or test scenarios. Additions to the test method shall follow the general principles of this International Standard and be fully described in the test report.</p>
</sec>
<sec id="sec_5">
<label>5</label><title>Test water and bacterial challenge suspensions</title>
<sec id="sec_5.1">
<label>5.1</label><title>Test water</title>
<p>This subclause specifies the preparation of test water prior to inoculation.</p>
<sec id="sec_5.1.1">
<label>5.1.1</label><title>Reagents</title>
<sec id="sec_5.1.1.1"><label>5.1.1.1</label>
<p><bold>Water</bold>, in accordance with <std std-id="iso:std:iso:3696:ed-1:en" type="dated"><std-ref>ISO 3696:1987</std-ref></std>, grade 3.</p>
</sec>
<sec id="sec_5.1.1.2"><label>5.1.1.2</label>
<p><bold>Calcium chloride (CaCl<sub>2</sub>)</bold>, or an equivalent molar quantity of a calcium chloride hydrate.</p>
</sec>
<sec id="sec_5.1.1.3"><label>5.1.1.3</label>
<p><bold>Magnesium chloride (MgCl<sub>2</sub>)</bold>, or an equivalent molar quantity of a magnesium chloride hydrate.</p>
</sec>
<sec id="sec_5.1.1.4"><label>5.1.1.4</label>
<p><bold>Sodium bicarbonate (NaHCO<sub>3</sub>)</bold>.</p>
</sec>
<sec id="sec_5.1.1.5"><label>5.1.1.5</label>
<p><bold>Tryptic soy broth (TSB), 1/3-strength</bold>, 10,0 g tryptic soy medium per litre broth.</p>
</sec>
<sec id="sec_5.1.1.6"><label>5.1.1.6</label>
<p><bold>Sodium hydroxide (NaOH)</bold>, 1 mol/l.</p>
</sec>
<sec id="sec_5.1.1.7"><label>5.1.1.7</label>
<p><bold>Hydrochloric acid (HCl)</bold>, 1 mol/l.</p>
</sec>
</sec>
<sec id="sec_5.1.2">
<label>5.1.2</label><title>Preparation of hardness stock solution 1</title>
<p>Dissolve 74,0 g of calcium chloride (<xref ref-type="sec" rid="sec_5.1.1.2">5.1.1.2</xref>) and 31,7 g of magnesium chloride (<xref ref-type="sec" rid="sec_5.1.1.3">5.1.1.3</xref>) in 1,00 l water (<xref ref-type="sec" rid="sec_5.1.1.1">5.1.1.1</xref>). Hardness stock solution 1 shall be sterilized by heat or filter-sterilized using a 0,2 μm microfilter and used within 24 h or stored at (5 ± 3) °C for up to 6 months.</p>
</sec>
<sec id="sec_5.1.3">
<label>5.1.3</label><title>Preparation of hardness stock solution 2</title>
<p>Dissolve 56,0 g of sodium bicarbonate (<xref ref-type="sec" rid="sec_5.1.1.4">5.1.1.4</xref>) in 1,00 l water (<xref ref-type="sec" rid="sec_5.1.1.1">5.1.1.1</xref>). Hardness stock solution 2 shall be filter-sterilized using 0,2 μm microfilter and used within 24 h or stored at (5 ± 3) °C for up to 6 months. Hardness stock solution 2 is not to be heat sterilized.</p>
</sec>
<sec id="sec_5.1.4">
<label>5.1.4</label><title>Preparation of test water prior to inoculation</title>
<p>For each litre of test water to be prepared, add 1,00 ml of 1/3-strength TSB (<xref ref-type="sec" rid="sec_5.1.1.5">5.1.1.5</xref>) and 1,80 ml of hardness stock solution 1 (<xref ref-type="sec" rid="sec_5.1.2">5.1.2</xref>) to 1,00 l water (<xref ref-type="sec" rid="sec_5.1.1.1">5.1.1.1</xref>) and steam sterilize. After the sterilized solution has cooled, for each litre of test water add 4,00 ml of hardness stock solution 2 which has been filter-sterilized using a 0,2 μm microfilter. Adjust the pH to 7,0 to 8,0, measured according to <std std-id="iso:std:iso:10523:en" type="undated"><std-ref>ISO 10523</std-ref></std>, by adding sodium hydroxide (<xref ref-type="sec" rid="sec_5.1.1.6">5.1.1.6</xref>) or hydrochloric acid (<xref ref-type="sec" rid="sec_5.1.1.7">5.1.1.7</xref>). The test water shall be used within 24 h or stored at (5 ± 3) °C for up to one week.</p>
<non-normative-note><label>NOTE 1</label><p>The hardness of the prepared test water is approximately 1,8 mmol of calcium ions per litre (equivalent to approximately 180 mg/l as CaCO<sub>3</sub>). This corresponds to the upper limit of the generally accepted range for hard water.<sup>[</sup><xref ref-type="bibr" rid="ref_17"><sup>17</sup></xref><sup>]</sup></p></non-normative-note>
<non-normative-note><label>NOTE 2</label><p>The test water has a concentration of approximately 10 mg TSB per litre, which yields a total organic carbon (TOC) level of approximately 4 mg/l, although the exact TOC level might vary somewhat. This approximate TOC level is consistent with the recommended upper limit of 4 mg/l for TOC in chlorinated drinking water<sup>[</sup><xref ref-type="bibr" rid="ref_1"><sup>1</sup></xref><sup>]</sup> and is included in the test water to reduce the time for biofilm formation.</p></non-normative-note>
</sec>
</sec>
<sec id="sec_5.2">
<label>5.2</label><title>Bacterial challenge</title>
<p>Bacterial challenge suspensions used to inoculate the test water shall be prepared with the following bacteria from the American Type Culture Collection (ATCC) or an international authorized ATCC distributor:</p>
<list list-type="alpha-lower">
<list-item><label>a)</label><p><italic>Pseudomonas aeruginosa</italic> (ATCC #700888);</p></list-item>
<list-item><label>b)</label><p><italic>Klebsiella pneumoniae</italic> (ATCC #13882).</p></list-item></list>
<p>Alternate strains of <italic>P. aeruginosa</italic> and <italic>K. pneumoniae</italic> (i.e. different ATCC numbers for the same bacterium species) can be substituted if the specified strains are not available, provided that the isolation source indicated by ATCC is water or a water system.</p>
<p>The bacterium species shall be separately reconstituted in sterilized dilute TSB, having a concentration of 0,3 g TSB per litre. The reconstituted cultures shall be used within eight transfer passages. Cultivation of the bacteria for inoculating test water shall be performed one day before preparing the inoculated test water in accordance with <xref ref-type="sec" rid="sec_5.3">5.3</xref>.</p>
<p>Compliance with appropriate laboratory safety practices is critical when working with these bacteria, including the handling of waste that can be contaminated with these bacteria.</p>
</sec>
<sec id="sec_5.3">
<label>5.3</label><title>Inoculated test water</title>
<p>On days of test apparatus operation inoculated test water shall be prepared within two hours before the commencement of the daily flow program specified in <xref ref-type="sec" rid="sec_6.2.2">6.2.2</xref> by inoculating sterilized test water (<xref ref-type="sec" rid="sec_5.1">5.1</xref>) with both of the reconstituted bacterial cultures (<xref ref-type="sec" rid="sec_5.2">5.2</xref>), to achieve a concentration of 5 × 10<sup>1</sup> CFU/ml to 5 × 10<sup>2</sup> CFU/ml of each of the bacteria and a total bacterial concentration of 10<sup>2</sup> CFU/ml to 10<sup>3</sup> CFU/ml in the inoculated test water. The temperature of the sterilized test water at the time of inoculation shall be (23 ± 3) °C.</p>
<p>To ensure accurate concentrations of each bacterium species in the inoculated test water, it can be useful to centrifuge and re-suspend each of the reconstituted bacterial cultures in sterile phosphate buffer and determine the approximate bacterial concentration using turbidimetric measurements. Using these results, the volume of each of the single-species bacterial suspensions to be added to the test water can be calculated. Alternatively, other methods for achieving the specified inoculation range can be used.</p>
</sec>
</sec>
<sec id="sec_6">
<label>6</label><title>Test apparatus</title>
<p>The test apparatuses shall consist of a specified number of either dental units or surrogate dental unit water systems which closely replicate the dental unit procedural water system.</p>
<p>In order to achieve reproducible results, all components of the test apparatuses which are in contact with the procedural water shall be new each time the test procedure for biofilm prevention or inhibition (<xref ref-type="sec" rid="sec_7.2">7.2</xref>) or the sequence of test procedures for biofilm prevention or inhibition (<xref ref-type="sec" rid="sec_7.2">7.2</xref>) and for biofilm removal (<xref ref-type="sec" rid="sec_7.2">7.2</xref>) is performed.</p>
<non-normative-note><label>NOTE</label><p>As specified in <xref ref-type="sec" rid="sec_7.3.1">7.3.1</xref>, the test procedure for biofilm removal (<xref ref-type="sec" rid="sec_7.3">7.3</xref>) is performed after first developing biofilm in the test apparatuses per the test procedure for biofilm prevention or inhibition (<xref ref-type="sec" rid="sec_7.2">7.2</xref>).</p></non-normative-note>
<sec id="sec_6.1">
<label>6.1</label><title>Test apparatus design</title>
<sec id="sec_6.1.1">
<label>6.1.1</label><title>General</title>
<p>If the test apparatuses consist of dental units, the dental units shall represent the most challenging model or configuration (when more than one model or configuration is available from the manufacturer). Length of waterlines, number of branch waterlines and likelihood of stagnation are among the factors that shall be considered in determining the most challenging model or configuration.</p>
<p>If the test apparatuses consist of surrogate dental unit water systems, the surrogate dental unit water systems must be able to simulate the basic clinical performance parameters of a functioning dental unit, including as described in <xref ref-type="sec" rid="sec_6.2">6.2</xref>. The surrogate dental unit water systems must represent the most challenging model or configuration of the dental unit which the surrogate dental unit water systems are intended to represent (when more than one model or configuration is available from the manufacturer). Surrogate dental unit water systems shall accurately recreate the procedural water delivery system, including design, construction, configuration and operation of the water-bearing elements of the procedural water delivery system. Other components which do not directly come in contact with or control the flow of procedural water need not be included, such as structural and decorative components. The components of surrogate dental unit water systems shall be subject to the same environmental conditions (i.e. light exposure and temperature) as components in the dental units which they represent.</p>
<p>Any air gap system or other backflow prevention device required to comply with the backflow prevention requirements of <std std-id="iso:std:iso:7494:-2:en" type="undated"><std-ref>ISO 7494-2</std-ref></std> for isolating the procedural water from the incoming water shall be included in the test apparatuses.</p>
<p>Critical elements to be recreated by the surrogate dental unit water systems includes the following:</p>
<list list-type="bullet">
<list-item><label>—</label><p>configuration of waterlines (placement of components, arrangement of branch lines, dead legs, etc.);</p></list-item>
<list-item><label>—</label><p>tubing diameter(s);</p></list-item>
<list-item><label>—</label><p>tubing length(s);</p></list-item>
<list-item><label>—</label><p>tubing material(s);</p></list-item>
<list-item><label>—</label><p>other components which contact procedural water or regulate flow (control blocks, valves, fittings, etc.);</p></list-item>
<list-item><label>—</label><p>location of any water treatment devices (filters, automatic or passive treatment systems).</p></list-item></list>
<p>Dental units or surrogate dental unit water systems shall include at least one hose which in normal use supplies procedural water to a handpiece and one hose which in normal use supplies procedural water to a multifunctional (air/water) syringe. Hoses which normally supply procedural water to other instruments that are attached to the dental unit can be included in the dental units or surrogate dental unit water systems. Dental handpieces or other instruments or attachments that are normally removed from the dental unit and sterilized between patients shall be disconnected from the hose and not used in this test if practical.</p>
<non-normative-example><label>EXAMPLE</label><p>At point C according to <std std-id="iso:std:iso:14457:ed-1:en" type="dated"><std-ref>ISO 14457:2012</std-ref>, Figure A.1</std>.</p></non-normative-example>
<p>Cuspidor bowl rinse waterlines shall be disconnected from dental units or excluded from surrogate dental unit water systems. Cuspidor cupfill waterlines can be included in dental units or surrogate dental unit water systems.</p>
<non-normative-note><label>NOTE</label><p>Cuspidor waterlines are permitted to be excluded based on the assumption that other waterlines will tend to be more challenging test environments for the removal, prevention, and inhibition of biofilm.</p></non-normative-note>
</sec>
<sec id="sec_6.1.2">
<label>6.1.2</label><title>Considerations specific to antimicrobial materials and materials which prevent microbial adhesion</title>
<p>If the dental units or surrogate dental unit water systems to be tested include any antimicrobial materials or materials which prevent microbial adhesion in contact with the procedural water, the following modifications to the test apparatuses shall be implemented.</p>
<p>Test apparatuses for evaluating biofilm prevention or inhibition:</p>
<list list-type="bullet">
<list-item><label>—</label><p><underline>Test apparatuses for the control group</underline>: Any antimicrobial materials or materials which prevent microbial adhesion in the dental units or surrogate dental unit water systems in the control group shall be replaced with materials that do not contain the antimicrobial agent(s) or adhesion preventive effect, but otherwise closely represent the antimicrobial material.</p></list-item>
<list-item><label>—</label><p><underline>Test apparatuses for the test group</underline>: The dental units or surrogate dental unit water systems in the test group shall include (if applicable) the antimicrobial material(s) or material(s) which prevent microbial adhesion.</p></list-item></list>
<p>Test apparatuses for evaluating biofilm removal:</p>
<list list-type="bullet">
<list-item><label>—</label><p><underline>Test apparatuses for the test group</underline>: Any antimicrobial materials or materials which prevent microbial adhesion in the dental units or surrogate dental unit water systems in the test group shall be replaced with materials that do not contain the antimicrobial agent(s) or adhesion preventive effect, but otherwise closely represent the antimicrobial material. This is essential to evaluating the ability of the test treatment method to remove biofilm.</p></list-item></list>
</sec>
</sec>
<sec id="sec_6.2">
<label>6.2</label><title>Test apparatus operation</title>
<sec id="sec_6.2.1">
<label>6.2.1</label><title>Flow rates</title>
<p>The flow rate of the handpiece procedural water shall be adjusted to (30 ± 3) ml/min.</p>
<p>The water flow rate of the multifunctional (air/water) syringe(s) shall be adjusted to (60 ± 6) ml/min.</p>
<p>If the test apparatuses include other instruments or devices supplied with procedural water, the flow rate(s) of those instruments or devices shall be adjusted according to manufacturer recommendations.</p>
<p>All flow rates shall be set prior to the start of the test. Flow rates shall be checked and adjusted if necessary at least once per week throughout the test period.</p>
</sec>
<sec id="sec_6.2.2">
<label>6.2.2</label><title>Flow patterns (on-off cycles)</title>
<p>The test apparatus waterlines shall be operated five consecutive days per week and set idle with no operation for two consecutive days per week. On days of waterline operation, inoculated test water shall be freshly prepared according to <xref ref-type="sec" rid="sec_5.3">5.3</xref> and supplied to the test apparatuses. The water flow pattern shall be controlled by an automated daily flow program consisting of 30 cycles, which periodically operate the test apparatus waterlines according to the following schedule.</p>
<list list-type="bullet">
<list-item><label>—</label><p>The handpiece procedural water shall be operated for 30 sec per cycle. If more than one handpiece supplying procedural water is present, only one headpiece procedural waterline shall be operated during each cycle. The selected headpiece procedural waterline shall change sequentially with each cycle, assuring that each headpiece procedural waterline is operated approximately equally throughout the daily flow program.</p></list-item>
<list-item><label>—</label><p>The syringe water shall be operated for 30 sec per cycle. If more than one syringe is present, only one syringe shall be operated during each cycle. The selected syringe shall change sequentially with each cycle, assuring that each syringe is operated approximately equally throughout the daily flow program.</p></list-item>
<list-item><label>—</label><p>There shall be a period of 9 min per cycle without any water flow.</p></list-item></list>
<p>If instruments other than handpieces and syringes are included in the test apparatuses, their operation shall be incorporated into the daily flow program in a manner consistent with their intended clinical use.</p>
</sec>
<sec id="sec_6.2.3">
<label>6.2.3</label><title>Test environment temperature and preconditioning period</title>
<p>The temperature of the test environment shall be maintained at (23 ± 3) °C. All apparatuses shall be conditioned in this temperature range for at least 24 h before starting the test.</p>
</sec>
</sec>
</sec>
<sec id="sec_7">
<label>7</label><title>Test procedures</title>
<sec id="sec_7.1">
<label>7.1</label><title>Testing sequence</title>
<p>Testing shall be performed in the following sequence:</p>
<list list-type="alpha-lower">
<list-item><label>a)</label><p>Testing to evaluate biofilm prevention or inhibition according to <xref ref-type="sec" rid="sec_7.2">7.2</xref>;</p></list-item>
<list-item><label>b)</label><p>Testing to evaluate biofilm removal according to <xref ref-type="sec" rid="sec_7.3">7.3</xref>.</p></list-item></list>
<non-normative-note><label>NOTE</label><p>This sequence reduces the quantity of test apparatuses and procedural steps by enabling the control group apparatuses having an established biofilm upon completion of <xref ref-type="sec" rid="sec_7.2">7.2</xref> to be used as the test group apparatuses in <xref ref-type="sec" rid="sec_7.3">7.3</xref>.</p></non-normative-note>
</sec>
<sec id="sec_7.2">
<label>7.2</label><title>Biofilm prevention or inhibition</title>
<sec id="sec_7.2.1">
<label>7.2.1</label><title>General</title>
<p><xref ref-type="fig" rid="fig_1">Figure 1</xref> depicts the test procedure for evaluating treatment methods that are intended to prevent or inhibit dental waterline biofilm formation.</p>
<fig fig-type="figure" id="fig_1"><label>Figure 1</label><caption><title>Flow diagram for test method for evaluating biofilm prevention or inhibition</title></caption>
<graphic xlink:href="fig_1"><?isoimg-id 16954_ed1fig1.EPS?></graphic>
</fig><p>Since there is inherent variation in biofilm formation, testing shall be replicated on separate dental units or surrogate dental unit water systems. For the biofilm prevention and inhibition test method, at least two dental units or surrogate dental unit water systems shall be included in the test group and at least two dental units or surrogate dental unit water systems shall be included in the control group.</p>
</sec>
<sec id="sec_7.2.2">
<label>7.2.2</label><title>Pretreatment of the test apparatuses</title>
<p>All test apparatuses shall be pretreated according to the instructions of the manufacturer of the dental unit prior to testing if specified.</p>
<non-normative-example><label>EXAMPLE</label><p>If the instructions of the manufacturer indicate that a specified disinfection procedure is to be performed after the dental unit is installed and prior to use, the specified disinfection procedure shall be performed prior to performing this test method.</p></non-normative-example>
</sec>
<sec id="sec_7.2.3">
<label>7.2.3</label><title>Concurrent exposure to inoculated test water and the treatment method for biofilm prevention or inhibition</title>
<p>For the test group, inoculated test water as specified in <xref ref-type="sec" rid="sec_5.3">5.3</xref> shall be supplied to the dental units or surrogate dental unit water systems in conjunction with the treatment method per the manufacturer’s instructions. For the control group, inoculated test water shall be supplied to the dental units or surrogate dental unit water systems without the treatment method. All dental units or surrogate dental unit water systems are to be operated according to <xref ref-type="sec" rid="sec_6.2">6.2</xref>. Inoculated test water shall be prepared daily within two hours of initiating the automated daily flow program. Microbiological sampling and testing of the inoculated test water supplied to the test apparatuses shall be performed in accordance with <xref ref-type="sec" rid="sec_8.1">8.1</xref> before supplying to the test apparatuses at least once per week.</p>
</sec>
<sec id="sec_7.2.4">
<label>7.2.4</label><title>Microbiological sampling and testing</title>
<p>To determine the effectiveness of the treatment method, microbiological sampling and testing of all dental units or surrogate dental unit water systems in both the test group and the control group shall be performed in accordance with <xref ref-type="sec" rid="sec_8.1">8.1</xref> and <xref ref-type="sec" rid="sec_8.2">8.2</xref>. Sampling and testing for total viable counts according to <xref ref-type="sec" rid="sec_8.1">8.1</xref> shall be conducted on all dental units or surrogate dental unit water systems at least once per week throughout the duration of the test. Sterilized test water (without inoculum) shall be supplied to the test apparatuses when samples for microbiological testing are collected. A sufficient quantity of sterilized test water shall be allowed to flow to purge all waterlines of the test apparatuses. The sterilized test water shall then be allowed to set in the waterlines for 5 min prior to sampling for microbiological testing. Sampling waterline tubing and characterizing for biofilm formation according to <xref ref-type="sec" rid="sec_8.2">8.2</xref> shall be conducted on all dental units or surrogate dental unit water systems at least once at the end of the test.</p>
</sec>
<sec id="sec_7.2.5">
<label>7.2.5</label><title>Test duration</title>
<p>Testing according to <xref ref-type="sec" rid="sec_7.2.3">7.2.3</xref> and <xref ref-type="sec" rid="sec_7.2.4">7.2.4</xref> shall continue until all of the following criteria have been met:</p>
<list list-type="bullet">
<list-item><label>—</label><p>at least four weeks of testing have occurred;</p></list-item>
<list-item><label>—</label><p>a total viable count of at least 10<sup>4</sup> CFU/ml is measured in the effluent procedural water of all test apparatuses for the control group when sterilized test water is temporarily supplied to the test apparatuses instead of inoculated test water, flushing sterilized test water through the waterlines and waiting 5 mins before collecting the sample and then resuming normal operation with inoculated test water;</p></list-item>
<list-item><label>—</label><p>the presence of biofilm is confirmed in all dental units or surrogate dental unit water systems in the control group according to <xref ref-type="sec" rid="sec_8.2">8.2</xref> with all of the tubing samples in the control group classified as exhibiting either semiconfluent coverage or substantial, confluent coverage by microorganisms and/or biofilm.</p></list-item></list>
<p>After all of the above criteria have been met, the test procedure for evaluating biofilm removal according to <xref ref-type="sec" rid="sec_7.3">7.3</xref> shall be performed as soon as practical. The daily procedure for exposure of the control group to inoculated test water specified in this subclause shall be continued until testing according to <xref ref-type="sec" rid="sec_7.3">7.3</xref> is performed.</p>
</sec>
<sec id="sec_7.2.6">
<label>7.2.6</label><title>Analysis of results</title>
<p>The effectiveness of the treatment method to prevent or inhibit biofilm shall be characterized by reporting the following:</p>
<list list-type="bullet">
<list-item><label>—</label><p>log-transformed total viable counts in the effluent procedural water according to <xref ref-type="sec" rid="sec_8.1">8.1</xref> (mean, standard deviation and number of replicates) in the test group and the control group at weekly intervals over the duration of the test;</p></list-item>
<list-item><label>—</label><p>difference between the mean log-transformed total viable counts of the test group and the control group for each type of waterline outlet over the duration of the test;</p></list-item>
<list-item><label>—</label><p>statistical analysis of log-transformed total viable count results comparing the test group to the control group using the two-tailed <italic>t-</italic>test and a significance criterion of <italic>P</italic> &lt; 0,05 performed at the end of the test period;</p></list-item>
<list-item><label>—</label><p>comparison of biofilm coverage for each type of waterline sampled in the test group and control group according to <xref ref-type="sec" rid="sec_8.2">8.2</xref> performed at the end of the test period.</p></list-item></list>
</sec>
</sec>
<sec id="sec_7.3">
<label>7.3</label><title>Biofilm removal</title>
<sec id="sec_7.3.1">
<label>7.3.1</label><title>General</title>
<p><xref ref-type="fig" rid="fig_2">Figure 2</xref> depicts the flow diagram for the test procedure for evaluating treatment methods that are intended to remove dental waterline biofilms.</p>
<fig fig-type="figure" id="fig_2"><label>Figure 2</label><caption><title>Flow diagram for test method for evaluating biofilm removal</title></caption>
<graphic xlink:href="fig_2"><?isoimg-id 16954_ed1fig2.EPS?></graphic>
</fig><p>For the biofilm removal test method, at least two dental units or surrogate dental unit water systems shall be included in the test group and no dental units or surrogate dental unit water systems are required in a separate control group. The test group apparatuses shall consist of the control group apparatuses used in <xref ref-type="sec" rid="sec_7.2">7.2</xref>, which are specified to contain an established biofilm upon completion of <xref ref-type="sec" rid="sec_7.2">7.2</xref>.</p>
<non-normative-note><label>NOTE</label><p>No separate control group is required for the biofilm removal test method since the biofilm formation period prior to application of the treatment method serves the purpose of demonstrating that biofilm is capable of forming when no treatment method is applied.</p></non-normative-note>
</sec>
<sec id="sec_7.3.2">
<label>7.3.2</label><title>Initial microbiological sampling and testing</title>
<p>Microbiological sampling and testing of all dental units or surrogate dental unit water systems shall be performed in accordance with <xref ref-type="sec" rid="sec_8.1">8.1</xref> immediately prior to application of the biofilm removal treatment method. Sterilized test water (without inoculum) shall be supplied to the test apparatuses when samples for microbiological testing are collected. A sufficient quantity of sterilized test water shall be allowed to flow to purge all waterlines of the test apparatuses. The sterilized test water shall then be allowed to set in the waterlines for 5 min prior to sampling for microbiological testing.</p>
<p>Segments of waterline tubing from all dental units or surrogate dental unit water systems shall be sampled and characterized for biofilm in accordance with <xref ref-type="sec" rid="sec_8.2">8.2</xref> immediately prior to application of the biofilm removal treatment method.</p>
</sec>
<sec id="sec_7.3.3">
<label>7.3.3</label><title>Application of the biofilm removal treatment method</title>
<p>The treatment method for removal of the established biofilm shall be administered in accordance with the instructions provided by the manufacturer of the dental unit or waterline treatment product.</p>
<p>If water is required for preparing or administering the treatment method, inoculated test water shall be used.</p>
</sec>
<sec id="sec_7.3.4">
<label>7.3.4</label><title>Final microbiological sampling and testing</title>
<p>To determine the effectiveness of the treatment method, microbiological sampling and testing of all dental units or surrogate dental unit water systems shall be performed in accordance with <xref ref-type="sec" rid="sec_8.1">8.1</xref> and <xref ref-type="sec" rid="sec_8.2">8.2</xref> after application of the biofilm removal treatment method. Sterilized test water (without inoculum) shall be supplied to the test apparatuses when samples are collected for total viable counts according to <xref ref-type="sec" rid="sec_8.1">8.1</xref>. A sufficient quantity of sterilized test water shall be allowed to flow to purge all waterlines of the test apparatuses. The sterilized test water shall then be allowed to set in the waterlines for 5 min prior to sampling for microbiological testing.</p>
<p>Segments of waterline tubing from all dental units or surrogate dental unit water systems shall be sampled and characterized for biofilm in accordance with <xref ref-type="sec" rid="sec_8.2">8.2</xref> after application of the biofilm removal treatment method.</p>
<p>Consideration shall be given to specify the most appropriate time to sample per <xref ref-type="sec" rid="sec_8.1">8.1</xref> and <xref ref-type="sec" rid="sec_8.2">8.2</xref> after administering the treatment. If flushing with procedural water or other solution is specified by the manufacturer, this shall be performed before sampling and testing.</p>
</sec>
<sec id="sec_7.3.5">
<label>7.3.5</label><title>Analysis of results</title>
<p>The effectiveness of the treatment method to remove biofilm shall be characterized by reporting the following:</p>
<list list-type="bullet">
<list-item><label>—</label><p>log-transformed total viable counts in the effluent procedural water according to <xref ref-type="sec" rid="sec_8.1">8.1</xref> (mean, standard deviation, and number of replicates) prior to and after administering the biofilm removal treatment method;</p></list-item>
<list-item><label>—</label><p>reduction in log-transformed total viable counts in the effluent procedural water (i.e. numerical difference between the mean value prior to administering the treatment method and the mean value after administering the treatment method);</p></list-item>
<list-item><label>—</label><p>statistical analysis of log-transformed total viable count results comparing the total viable counts before and after application of the treatment method using the two-tailed <italic>t-</italic>test and a significance criterion of <italic>P</italic> &lt; 0,05;</p></list-item>
<list-item><label>—</label><p>comparison of biofilm coverage for each waterline sampled prior to and after administering the biofilm removal treatment method according to <xref ref-type="sec" rid="sec_8.2">8.2</xref>.</p></list-item></list>
</sec>
</sec>
</sec>
<sec id="sec_8">
<label>8</label><title>Microbiological sampling and testing</title>
<sec id="sec_8.1">
<label>8.1</label><title>Enumeration of bacteria levels in procedural water</title>
<sec id="sec_8.1.1">
<label>8.1.1</label><title>Sampling</title>
<sec id="sec_8.1.1.1">
<label>8.1.1.1</label><title>General</title>
<p>Sampling shall follow the guidance provided in <std std-id="iso:std:iso:19458:en" type="undated"><std-ref>ISO 19458</std-ref></std>. Enumeration shall begin within 24 h of sampling. Samples shall be stored at (4 ± 2) °C if enumeration cannot begin within 30 min of the sampling time.</p>
<p>All test samples shall be immediately treated at the time of collection to inactivate any residual antimicrobial agents, if applicable. Possible methods include administering a neutralizing agent or membrane filtering the test sample with a 0,2 μm rated membrane filter followed by rinsing with sterile phosphate buffer saline. If a neutralizing agent is used, its effectiveness and compatibility with the bacteria shall be confirmed with a neutralization study. Control group samples and test group samples shall be treated identically.</p>
</sec>
<sec id="sec_8.1.1.2">
<label>8.1.1.2</label><title>Sampling water supplied to test apparatuses</title>
<p>At specified sample times, one sample of at least 50 ml of the inoculated test water supplied to the test apparatuses shall be collected and analysed.</p>
</sec>
<sec id="sec_8.1.1.3">
<label>8.1.1.3</label><title>Sampling water output from test apparatuses</title>
<p>At specified sample times, one composite sample of procedural water shall be aseptically collected from the various water outlets on each of the specified dental units or surrogate dental unit water systems, with approximately equal volumes collected from each water outlet, such that the total volume of the composite sample is between 50 ml and 100 ml for each dental unit or surrogate dental unit water system. Alternatively, separate samples from each water outlet on each of the specified dental units or surrogate dental unit water systems can be collected and separately analysed.</p>
</sec>
</sec>
<sec id="sec_8.1.2">
<label>8.1.2</label><title>Total viable count test procedure</title>
<p>Total viable counts shall be determined by the spread plate culture method.<sup>[</sup><xref ref-type="bibr" rid="ref_12"><sup>12</sup></xref><sup>]</sup> Ten-fold serial dilutions from 10<sup>0</sup> (i.e. undiluted) to 10<sup>−3</sup> (in sterilized phosphate buffer saline) of each test sample shall be prepared in triplicate. Fewer dilutions can be prepared in triplicate if the results are expected to fall in a certain range. 1,0 ml or 0,10 ml of each dilution shall be spread on R2A agar allowing adequate time for the sample to absorb into the agar before inverting and incubating aerobically at (23 ± 3) °C for seven days. After incubation, the colonies shall be enumerated and total viable counts shall be recorded as CFU/ml. The mean and standard deviation of the log-transformed total viable counts (i.e. base-10 logarithm of total viable counts) shall be reported for each set of samples.</p>
</sec>
<sec id="sec_8.1.3">
<label>8.1.3</label><title>Alternative total viable count test procedure</title>
<p>Planktonic bacteria levels can alternatively be enumerated by membrane filtration technique.<sup>[</sup><xref ref-type="bibr" rid="ref_12"><sup>12</sup></xref><sup>]</sup> This method is appropriate, for example, if no practical method for inactivating residual antimicrobial agents in the samples is known or available. Three sets of 10-fold serial dilutions from 10<sup>0</sup> (i.e. undiluted) to at least 10<sup>−4</sup> (in sterilized phosphate buffer saline) shall be prepared and 10 ml of each dilution shall be tested. Fewer dilutions can be prepared in triplicate if the results are expected to fall in a certain range. After membrane filtration of the sample or diluted sample, the membrane shall be rinsed twice by filtering 10 ml aliquots of sterilized phosphate buffer saline if antimicrobial agents can be present in any of the samples. The membranes shall be transferred to R2A agar, ensuring no air bubbles are trapped between the membrane and medium, and incubated aerobically at (23 ± 3) °C for seven days. After incubation the colonies shall be enumerated and recorded as CFU/ml. The mean and standard deviation of the log-transformed total viable counts shall be reported for each set of samples.</p>
</sec>
</sec>
<sec id="sec_8.2">
<label>8.2</label><title>Biofilm on waterline surfaces</title>
<sec id="sec_8.2.1">
<label>8.2.1</label><title>Sampling</title>
<p>At specified sample times, a segment of waterline tubing of at least 1 cm shall be sampled from near the outlet end of each waterline by cutting the tubing in an aseptic manner. The remaining lengths of tubing left on the test apparatus shall be reconnected using sterilized fittings to enable the test to resume, if appropriate.</p>
<p>The tubing sample shall be split longitudinally into approximately equal halves after fixation and before dehydration (see <xref ref-type="sec" rid="sec_8.2.2">8.2.2</xref>). To reduce the possibility of dislodging any biofilm from the tubing surface while splitting the samples longitudinally, the direction of cutting shall be parallel to the tubing axis.</p>
</sec>
<sec id="sec_8.2.2">
<label>8.2.2</label><title>Biofilm assessment test procedure</title>
<p>Scanning electron microscopy (SEM) shall be used to examine for biofilm coverage on the luminal surface of both halves of each tubing sample. Samples shall be prepared for SEM by fixing, dehydrating, drying, mounting, and sputter-coating with a conductive material in a manner suitable for SEM analysis of biofilm on tubing surfaces.</p>
<non-normative-example><label>EXAMPLE</label><p>The following represent one possible approach for the SEM preparation steps:</p>
<list list-type="bullet">
<list-item><label>—</label><p>Fixation of tubing samples in 2 % glutaraldehyde in 0,1 mol/l sodium cacodylate buffer at room temperature for a period of 30 min to 4 h, followed by three rinses with sodium cacodylate buffer without glutaraldehyde;</p></list-item>
<list-item><label>—</label><p>Dehydration of tubing samples in a series of aqueous ethyl alcohol solutions of increasing ethyl alcohol concentration, including 30 %, 50 %, 70 %, 90 %, 95 %, and 100 %, for 10 min each;</p></list-item>
<list-item><label>—</label><p>Critical point drying of tubing samples;</p></list-item>
<list-item><label>—</label><p>Mounting of tubing samples to SEM stubs using double-sided conductive tape;</p></list-item>
<list-item><label>—</label><p>Sputter-coating of tubing samples with gold-palladium.</p></list-item></list>
</non-normative-example>
<p>The SEM instrument and choice of operating parameters shall be capable of producing images that resolve the specified bacteria used to inoculate the test water if present on the surface of the tubing samples.</p>
<p>Alternatively, environmental scanning electron microscopy (ESEM) can be used without fixation, dehydration, drying, or sputter coating prior to analysis.</p>
<p>Scan the tubing samples initially at a magnification of less than 1 000X. For each half of each tubing sample, select at least three locations which exhibit representative biofilm coverage (or lack thereof) for the sample and examine at a magnification between 1 000X and 5 000X. Capture and record representative photomicrographs at each of the selected locations.</p>
<p>For each tubing sample the biofilm coverage shall be qualitatively assessed according to the following categories:</p>
<list list-type="bullet">
<list-item><label>—</label><p>no microorganisms and no biofilm;</p></list-item>
<list-item><label>—</label><p>isolated occurrence of microorganisms and/or biofilm (i.e. typically less than approximately 10% coverage over the entire surface of the tubing specimen);</p></list-item>
<list-item><label>—</label><p>semiconfluent coverage by microorganisms and/or biofilm (i.e. typically less than approximately 50% coverage over the entire surface of the tubing specimen);</p></list-item>
<list-item><label>—</label><p>substantial, confluent coverage by microorganisms and/or biofilm (i.e. typically greater than approximately 50% coverage over the entire surface of the tubing specimen).</p></list-item></list>
<p>A representative image of the most heavily covered region of each tubing sample shall be included in the test report.</p>
</sec>
</sec>
</sec>
<sec id="sec_9">
<label>9</label><title>Test Report</title>
<p>The test report shall include the following items:</p>
<list list-type="alpha-lower">
<list-item><label>a)</label><p>all details necessary to identify the dental units that were tested or that were represented by surrogate dental unit water systems used in the testing;</p></list-item>
<list-item><label>b)</label><p>all details necessary to identify the dental unit procedural water delivery system treatment method(s) tested;</p></list-item>
<list-item><label>c)</label><p>all details necessary to identify the test apparatus design and operation;</p></list-item>
<list-item><label>d)</label><p>all details necessary to identify the test procedure(s) used, including specific test parameters;</p></list-item>
<list-item><label>e)</label><p>all details necessary to identify the bacteria used in the test;</p></list-item>
<list-item><label>f)</label><p>all details necessary to identify microbiological sampling and testing methods used in the test;</p></list-item>
<list-item><label>g)</label><p>results, analysis and conclusions of the test;</p></list-item>
<list-item><label>h)</label><p>any circumstances or conditions thought likely to affect the results or their validity;</p></list-item>
<list-item><label>i)</label><p>any deviation from the test method specified;</p></list-item>
<list-item><label>j)</label><p>reference to this International Standard, i.e. <std><std-ref>ISO 16954</std-ref></std>;</p></list-item>
<list-item><label>k)</label><p>name of the responsible person and the testing laboratory;</p></list-item>
<list-item><label>l)</label><p>all details necessary to identify the person who carried out the test and the examiner;</p></list-item>
<list-item><label>m)</label><p>dates of the test period;</p></list-item>
<list-item><label>n)</label><p>observations of the examiner;</p></list-item>
<list-item><label>o)</label><p>date of test report and signature of responsible person.</p></list-item></list>
</sec>
</body>
<back>
<ref-list content-type="bibl" id="sec_bibl">
<title>Bibliography</title>
<ref id="ref_1"><label>[1]</label><mixed-citation publication-type="book"><person-group person-group-type="editor"><name><surname>Ainsworth</surname><given-names>R.</given-names></name></person-group>ed. <source>World Health Organization. Safe Piped Water: Managing Microbial Water Quality in Piped Distribution Systems</source>. <publisher-name>IWA Publishing</publisher-name>, <year>2004</year></mixed-citation></ref>
<ref id="ref_2"><label>[2]</label><mixed-citation publication-type="journal"><person-group person-group-type="author"><name><surname>Brenner</surname><given-names>K.P.</given-names></name><name><surname>Rankin</surname><given-names>C.C.</given-names></name></person-group><article-title>New screening test to determine the acceptability of 0.45-micron membrane filters for analysis of water.</article-title> <source>Appl. Environ. Microbiol.</source> <year>1990</year>, <volume>56</volume> (<issue>1</issue>) pp. <fpage>54</fpage>–<lpage>64</lpage></mixed-citation></ref>
<ref id="ref_3"><label>[3]</label><mixed-citation publication-type="journal"><person-group person-group-type="author"><name><surname>Curtin</surname><given-names>J.J.</given-names></name><name><surname>Donlan</surname><given-names>R.M.</given-names></name></person-group><article-title>Using Bacteriophages To Reduce Formation of Catheter-Associated Biofilms by <italic>Staphylococcus epidermidis.</italic></article-title> <source>Antimicrob. Agents Chemother.</source> <year>2006</year>, <volume>50</volume> (<issue>4</issue>) pp. <fpage>1268</fpage>–<lpage>1275</lpage></mixed-citation></ref>
<ref id="ref_4"><label>[4]</label><mixed-citation publication-type="journal"><person-group person-group-type="author"><name><surname>Hannig</surname><given-names>C.</given-names></name><name><surname>Follo</surname><given-names>M.</given-names></name><name><surname>Hellwig</surname><given-names>E.</given-names></name><name><surname>Al-Ahmad</surname><given-names>A.</given-names></name></person-group><article-title>Visualization of adherent micro-organisms using different techniques.</article-title> <source>J. Med. Microbiol.</source> <year>2010</year>, <volume>59</volume> pp. <fpage>1</fpage>–<lpage>7</lpage></mixed-citation></ref>
<ref id="ref_5"><label>[5]</label><mixed-citation publication-type="journal"><person-group person-group-type="author"><name><surname>Walker</surname><given-names>J.T.</given-names></name><name><surname>Bradshaw</surname><given-names>D.J.</given-names></name><name><surname>Bennett</surname><given-names>A.M.</given-names></name><name><surname>Fulford</surname><given-names>M.R.</given-names></name><name><surname>Martin</surname><given-names>M.V.</given-names></name><name><surname>Marsh</surname><given-names>P.D.</given-names></name></person-group><article-title>Microbial biofilm formation and contamination of dental-unit water systems in general dental practice.</article-title> <source>Appl. Environ. Microbiol.</source> <year>2000</year>, <volume>66</volume> (<issue>8</issue>) pp. <fpage>3363</fpage>–<lpage>3367</lpage></mixed-citation></ref>
<ref id="ref_6"><label>[6]</label><mixed-citation publication-type="journal"><person-group person-group-type="author"><name><surname>Walker</surname><given-names>J.T.</given-names></name><name><surname>Bradshaw</surname><given-names>D.J.</given-names></name><name><surname>Fulford</surname><given-names>M.R.</given-names></name><name><surname>Marsh</surname><given-names>P.D.</given-names></name></person-group><article-title>Microbiological evaluation of a range of disinfectant products to control mixed-species biofilm contamination in a laboratory model of a dental unit water system.</article-title> <source>Appl. Environ. Microbiol.</source> <year>2003</year>, <volume>69</volume> (<issue>6</issue>) pp. <fpage>3327</fpage>–<lpage>3332</lpage></mixed-citation></ref>
<ref id="ref_7"><label>[7]</label><mixed-citation publication-type="book"><person-group person-group-type="author"><name><surname>Official Method</surname><given-names>A.O.A.C.</given-names></name></person-group><source>960.09, Germicidal and Detergent Sanitizing Action of Disinfectants</source>. <publisher-name>AOAC International</publisher-name>, <year>2000</year></mixed-citation></ref>
<ref content-type="standard" id="ref_8"><label>[8]</label><std><std-ref>ASTM E 1427-00</std-ref>, <title>Standard Guide for Selecting Test Methods to Determine the Effectiveness of Antimicrobial Agents and Other Chemicals for the Prevention, Inactivation and Removal of Biofilm</title></std></ref>
<ref id="ref_9"><label>[9]</label><mixed-citation publication-type="other">Council Directive 98/83/EC of 3 November 1998 on the quality of water intended for human consumption. Official Journal of the European Communities. L330:32-54</mixed-citation></ref>
<ref id="ref_10"><label>[10]</label><mixed-citation publication-type="other">DVGW W 270, <italic>Microbial Enhancement on Materials to Come into Contact with Drinking Water – Testing and Assessment</italic>. German Association for Gas and Water Industry Association (DVGW), 2007</mixed-citation></ref>
<ref content-type="standard" id="ref_11"><label>[11]</label><std std-id="iso:std:iso:2174:en" type="undated"><std-ref>ISO 2174</std-ref>, <title>Surface active agents — Preparation of water with known calcium hardness</title></std></ref>
<ref content-type="standard" id="ref_12"><label>[12]</label><std std-id="iso:std:iso:8199:ed-2:en" type="dated"><std-ref>ISO 8199:2005</std-ref>, <title>Water quality — General guidance on the enumeration of micro-organisms by culture</title></std></ref>
<ref content-type="standard" id="ref_13"><label>[13]</label><std><std-ref>ISO 14457:2012</std-ref><xref ref-type="fn" rid="fn_1"><sup>1</sup></xref><fn id="fn_1">
<label><sup>1</sup></label><p>	To be revised.</p></fn>, <title>Dentistry — Handpieces and motors</title></std></ref>
<ref content-type="standard" id="ref_14"><label>[14]</label><std std-id="iso:std:iso:16266:en" type="undated"><std-ref>ISO 16266</std-ref>, <title>Water quality — Detection and enumeration of Pseudomonas aeruginosa — Method by membrane filtration</title></std></ref>
<ref id="ref_15"><label>[15]</label><mixed-citation publication-type="other">Method 9215 Heterotrophic Plate Count, <italic>Standard Methods for the Examination of Water and Wastewater</italic>, American Public Health Association, American Water Works Association, Water Environment Federation, 2004</mixed-citation></ref>
<ref id="ref_16"><label>[16]</label><mixed-citation publication-type="other">Method 2340 Hardness (Methods 2340B and 2340C), <italic>Standard Methods for the Examination of Water and Wastewater</italic>. American Public Health Association, American Water Works Association, Water Environment Federation, 1997</mixed-citation></ref>
<ref id="ref_17"><label>[17]</label><mixed-citation publication-type="book"><person-group person-group-type="author"><collab>WHO/HSE/WSH</collab></person-group><source>10.01/10, Hardness in drinking-water: background document for development of WHO guidelines for drinking-water quality. World Health Organization</source>. <publisher-name>WHO</publisher-name>, <year>2011</year></mixed-citation></ref>
</ref-list>
</back>
</standard>